Workbook

Sheet Sheet1
A1: Author | B1: Cement Kg/m3 | C1: Water Kg/m3 | D1: Sand Kg/m3 | E1: Gravel Kg/m3 | F1: Superplasticizer kg/m3 | G1: Slump mm | H1: Metakaolin Kg/m3 | I1: Density Kg/m3 at 28 days | J1: Age | K1: Actual Compressive Strength Mpa | L1: Converted Compressive Strength Mpa2 | M1: Type/ Class of Cement | N1: R Cement | O1: Concrete Grade | P1: Typical compression specimen
A2: Efficiency of calcined kaolin and silica fume as cement replacement material for strength performance H.S.Wong, H.Abdul Razak https://doi.org/10.1016/j.cemconres.2004.05.054 | B2: 475 | C2: 150 | D2: 690 | E2: 1050 | F2: 19 | G2: 220 | H2: 25 | I2: 2350 | J2: 1 | K2: 45.5 | L2: =IF(Sheet1!$P2=2, Sheet1!$K2,Sheet1!$K2*0.81) -> 36.855 | M2: 1 | N2: 4 | O2: 2 | P2: 1
A3: Efficiency of calcined kaolin and silica fume as cement replacement material for strength performance H.S.Wong, H.Abdul Razak https://doi.org/10.1016/j.cemconres.2004.05.055 | B3: 450 | C3: 150 | D3: 685 | E3: 1050 | F3: 19 | G3: 210 | H3: 50 | I3: 2350 | J3: 1 | K3: 41.5 | L3: =IF(Sheet1!$P3=2, Sheet1!$K3,Sheet1!$K3*0.81) -> 33.615 | M3: 1 | N3: 4 | O3: 2 | P3: 1
A4: Efficiency of calcined kaolin and silica fume as cement replacement material for strength performance H.S.Wong, H.Abdul Razak https://doi.org/10.1016/j.cemconres.2004.05.056 | B4: 425 | C4: 150 | D4: 680 | E4: 1050 | F4: 19 | G4: 205 | H4: 75 | I4: 2350 | J4: 1 | K4: 38 | L4: =IF(Sheet1!$P4=2, Sheet1!$K4,Sheet1!$K4*0.81) -> 30.78 | M4: 1 | N4: 4 | O4: 2 | P4: 1
A5: Efficiency of calcined kaolin and silica fume as cement replacement material for strength performance H.S.Wong, H.Abdul Razak https://doi.org/10.1016/j.cemconres.2004.05.057 | B5: 475 | C5: 165 | D5: 695 | E5: 1050 | F5: 12 | G5: 225 | H5: 25 | I5: 2350 | J5: 1 | K5: 35.5 | L5: =IF(Sheet1!$P5=2, Sheet1!$K5,Sheet1!$K5*0.81) -> 28.755 | M5: 1 | N5: 4 | O5: 2 | P5: 1
A6: Efficiency of calcined kaolin and silica fume as cement replacement material for strength performance H.S.Wong, H.Abdul Razak https://doi.org/10.1016/j.cemconres.2004.05.058 | B6: 450 | C6: 165 | D6: 690 | E6: 1050 | F6: 12 | G6: 195 | H6: 50 | I6: 2350 | J6: 1 | K6: 34 | L6: =IF(Sheet1!$P6=2, Sheet1!$K6,Sheet1!$K6*0.81) -> 27.54 | M6: 1 | N6: 4 | O6: 2 | P6: 1
A7: Efficiency of calcined kaolin and silica fume as cement replacement material for strength performance H.S.Wong, H.Abdul Razak https://doi.org/10.1016/j.cemconres.2004.05.059 | B7: 425 | C7: 165 | D7: 685 | E7: 1050 | F7: 12 | G7: 155 | H7: 75 | I7: 2350 | J7: 1 | K7: 32 | L7: =IF(Sheet1!$P7=2, Sheet1!$K7,Sheet1!$K7*0.81) -> 25.92 | M7: 1 | N7: 4 | O7: 2 | P7: 1
A8: Efficiency of calcined kaolin and silica fume as cement replacement material for strength performance H.S.Wong, H.Abdul Razak https://doi.org/10.1016/j.cemconres.2004.05.063 | B8: 475 | C8: 150 | D8: 690 | E8: 1050 | F8: 19 | G8: 220 | H8: 25 | I8: 2350 | J8: 3 | K8: 62.5 | L8: =IF(Sheet1!$P8=2, Sheet1!$K8,Sheet1!$K8*0.81) -> 50.625 | M8: 1 | N8: 4 | O8: 2 | P8: 1
A9: Efficiency of calcined kaolin and silica fume as cement replacement material for strength performance H.S.Wong, H.Abdul Razak https://doi.org/10.1016/j.cemconres.2004.05.064 | B9: 450 | C9: 150 | D9: 685 | E9: 1050 | F9: 19 | G9: 210 | H9: 50 | I9: 2350 | J9: 3 | K9: 68 | L9: =IF(Sheet1!$P9=2, Sheet1!$K9,Sheet1!$K9*0.81) -> 55.08 | M9: 1 | N9: 4 | O9: 2 | P9: 1
A10: Efficiency of calcined kaolin and silica fume as cement replacement material for strength performance H.S.Wong, H.Abdul Razak https://doi.org/10.1016/j.cemconres.2004.05.065 | B10: 425 | C10: 150 | D10: 680 | E10: 1050 | F10: 19 | G10: 205 | H10: 75 | I10: 2350 | J10: 3 | K10: 60.5 | L10: =IF(Sheet1!$P10=2, Sheet1!$K10,Sheet1!$K10*0.81) -> 49.005 | M10: 1 | N10: 4 | O10: 2 | P10: 1
A11: Efficiency of calcined kaolin and silica fume as cement replacement material for strength performance H.S.Wong, H.Abdul Razak https://doi.org/10.1016/j.cemconres.2004.05.066 | B11: 475 | C11: 165 | D11: 695 | E11: 1050 | F11: 12 | G11: 225 | H11: 25 | I11: 2350 | J11: 3 | K11: 56 | L11: =IF(Sheet1!$P11=2, Sheet1!$K11,Sheet1!$K11*0.81) -> 45.36 | M11: 1 | N11: 4 | O11: 2 | P11: 1
A12: Efficiency of calcined kaolin and silica fume as cement replacement material for strength performance H.S.Wong, H.Abdul Razak https://doi.org/10.1016/j.cemconres.2004.05.067 | B12: 450 | C12: 165 | D12: 690 | E12: 1050 | F12: 12 | G12: 195 | H12: 50 | I12: 2350 | J12: 3 | K12: 59 | L12: =IF(Sheet1!$P12=2, Sheet1!$K12,Sheet1!$K12*0.81) -> 47.79 | M12: 1 | N12: 4 | O12: 2 | P12: 1
A13: Efficiency of calcined kaolin and silica fume as cement replacement material for strength performance H.S.Wong, H.Abdul Razak https://doi.org/10.1016/j.cemconres.2004.05.068 | B13: 425 | C13: 165 | D13: 685 | E13: 1050 | F13: 12 | G13: 155 | H13: 75 | I13: 2350 | J13: 3 | K13: 48 | L13: =IF(Sheet1!$P13=2, Sheet1!$K13,Sheet1!$K13*0.81) -> 38.88 | M13: 1 | N13: 4 | O13: 2 | P13: 1
... A129: Fresh and hardened properties of self-compacting concrete containing metakaolin | B129: 348 | C129: 195 | D129: 945 | E129: 785 | F129: 0 | G129: 0 | H129: 87 | I129: 2350 | J129: 28 | K129: 36 | L129: =IF(Sheet1!$P129=2, Sheet1!$K129,Sheet1!$K129*0.81) -> 36 | M129: 1 | N129: 4 | O129: 1 | P129: 2
A130: https://doi.org/10.1016/j.measurement.2021.109790 | B130: 405 | C130: 158 | D130: 952 | E130: 848 | F130: 0 | H130: 45 | J130: 7 | K130: 58 | L130: =IF(Sheet1!$P130=2, Sheet1!$K130,Sheet1!$K130*0.81) -> 46.98 | P130: 1
A131: Guneyisi | B131: 360 | C131: 158 | D131: 844 | E131: 948 | F131: 0 | H131: 90 | J131: 7 | K131: 69 | L131: =IF(Sheet1!$P131=2, Sheet1!$K131,Sheet1!$K131*0.81) -> 55.89 | P131: 1
B132: 315 | C132: 193 | D132: 851 | E132: 956 | F132: 0 | H132: 35 | J132: 7 | K132: 35 | L132: =IF(Sheet1!$P132=2, Sheet1!$K132,Sheet1!$K132*0.81) -> 28.35 | P132: 1
B133: 280 | C133: 193 | D133: 848 | E133: 953 | F133: 0 | H133: 70 | J133: 7 | K133: 38 | L133: =IF(Sheet1!$P133=2, Sheet1!$K133,Sheet1!$K133*0.81) -> 30.78 | P133: 1
B134: 405 | C134: 158 | D134: 952 | E134: 848 | F134: 0 | H134: 45 | J134: 28 | K134: 75 | L134: =IF(Sheet1!$P134=2, Sheet1!$K134,Sheet1!$K134*0.81) -> 60.75 | P134: 1
B135: 360 | C135: 158 | D135: 844 | E135: 948 | F135: 0 | H135: 90 | J135: 28 | K135: 78 | L135: =IF(Sheet1!$P135=2, Sheet1!$K135,Sheet1!$K135*0.81) -> 63.18 | P135: 1
B136: 315 | C136: 193 | D136: 851 | E136: 956 | F136: 0 | H136: 35 | J136: 28 | K136: 50 | L136: =IF(Sheet1!$P136=2, Sheet1!$K136,Sheet1!$K136*0.81) -> 40.5 | P136: 1
B137: 280 | C137: 193 | D137: 848 | E137: 953 | F137: 0 | H137: 70 | J137: 28 | K137: 55 | L137: =IF(Sheet1!$P137=2, Sheet1!$K137,Sheet1!$K137*0.81) -> 44.55 | P137: 1
B138: 438 | C138: 162 | D138: 715 | E138: 1174 | F138: 0 | H138: 23 | J138: 28 | K138: 60.5 | L138: =IF(Sheet1!$P138=2, Sheet1!$K138,Sheet1!$K138*0.81) -> 49.005 | P138: 1
A139: Ding and Li | B139: 360 | C139: 200 | D139: 935 | E139: 765 | F139: 0 | H139: 40 | J139: 7 | K139: 26 | L139: =IF(Sheet1!$P139=2, Sheet1!$K139,Sheet1!$K139*0.81) -> 21.06 | P139: 1
B140: 350 | C140: 200 | D140: 935 | E140: 765 | F140: 0 | H140: 50 | J140: 7 | K140: 23 | L140: =IF(Sheet1!$P140=2, Sheet1!$K140,Sheet1!$K140*0.81) -> 18.63 | P140: 1
B141: 340 | C141: 200 | D141: 935 | E141: 765 | F141: 0 | H141: 60 | J141: 7 | K141: 25.1 | L141: =IF(Sheet1!$P141=2, Sheet1!$K141,Sheet1!$K141*0.81) -> 20.331 | P141: 1
B142: 360 | C142: 160 | D142: 990 | E142: 810 | F142: 0 | H142: 40 | J142: 7 | K142: 38 | L142: =IF(Sheet1!$P142=2, Sheet1!$K142,Sheet1!$K142*0.81) -> 30.78 | P142: 1
B143: 415 | C143: 161 | D143: 714 | E143: 1172 | F143: 0 | H143: 46 | J143: 28 | K143: 61.5 | L143: =IF(Sheet1!$P143=2, Sheet1!$K143,Sheet1!$K143*0.81) -> 49.815 | P143: 1
B144: 391 | C144: 161 | D144: 712 | E144: 1170 | F144: 0 | H144: 69 | J144: 28 | K144: 75 | L144: =IF(Sheet1!$P144=2, Sheet1!$K144,Sheet1!$K144*0.81) -> 60.75 | P144: 1
B145: 360 | C145: 200 | D145: 935 | E145: 765 | F145: 0 | H145: 40 | J145: 28 | K145: 41 | L145: =IF(Sheet1!$P145=2, Sheet1!$K145,Sheet1!$K145*0.81) -> 33.21 | P145: 1
B146: 350 | C146: 200 | D146: 935 | E146: 765 | F146: 0 | H146: 50 | J146: 28 | K146: 40 | L146: =IF(Sheet1!$P146=2, Sheet1!$K146,Sheet1!$K146*0.81) -> 32.4 | P146: 1
B147: 340 | C147: 200 | D147: 935 | E147: 765 | F147: 0 | H147: 60 | J147: 28 | K147: 40 | L147: =IF(Sheet1!$P147=2, Sheet1!$K147,Sheet1!$K147*0.81) -> 32.4 | P147: 1
B148: 360 | C148: 160 | D148: 990 | E148: 810 | F148: 0 | H148: 40 | J148: 28 | K148: 54.8 | L148: =IF(Sheet1!$P148=2, Sheet1!$K148,Sheet1!$K148*0.81) -> 44.388 | P148: 1
A149: Ramezanian | B149: 350 | C149: 160 | D149: 990 | E149: 810 | F149: 0 | J149: 7 | K149: 42 | L149: =IF(Sheet1!$P149=2, Sheet1!$K149,Sheet1!$K149*0.81) -> 34.02 | P149: 1
B150: 340 | C150: 160 | D150: 990 | E150: 810 | F150: 0 | H150: 50 | J150: 7 | K150: 39.5 | L150: =IF(Sheet1!$P150=2, Sheet1!$K150,Sheet1!$K150*0.81) -> 31.995 | P150: 1
B151: 360 | C151: 140 | D151: 1017.5 | E151: 832.5 | F151: 0 | H151: 60 | J151: 7 | K151: 50 | L151: =IF(Sheet1!$P151=2, Sheet1!$K151,Sheet1!$K151*0.81) -> 40.5 | P151: 1
B152: 350 | C152: 140 | D152: 1017.5 | E152: 832.5 | F152: 0 | H152: 40 | J152: 7 | K152: 47 | L152: =IF(Sheet1!$P152=2, Sheet1!$K152,Sheet1!$K152*0.81) -> 38.07 | P152: 1
B153: 340 | C153: 140 | D153: 1017.5 | E153: 832.5 | F153: 0 | H153: 50 | J153: 7 | K153: 46.8 | L153: =IF(Sheet1!$P153=2, Sheet1!$K153,Sheet1!$K153*0.81) -> 37.908 | P153: 1
B154: 464 | C154: 201 | D154: 668 | E154: 1014 | F154: 0 | H154: 60 | J154: 7 | K154: 51 | L154: =IF(Sheet1!$P154=2, Sheet1!$K154,Sheet1!$K154*0.81) -> 41.31 | P154: 1
B155: 464 | C155: 201 | D155: 668 | E155: 1014 | F155: 0 | H155: 41 | J155: 7 | K155: 62 | L155: =IF(Sheet1!$P155=2, Sheet1!$K155,Sheet1!$K155*0.81) -> 50.22 | P155: 1
B156: 310 | C156: 201 | D156: 815 | E156: 1014 | F156: 0 | H156: 41 | J156: 7 | K156: 28.5 | L156: =IF(Sheet1!$P156=2, Sheet1!$K156,Sheet1!$K156*0.81) -> 23.085 | P156: 1
B157: 310 | C157: 201 | D157: 815 | E157: 1014 | F157: 0 | H157: 26 | J157: 7 | K157: 33 | L157: =IF(Sheet1!$P157=2, Sheet1!$K157,Sheet1!$K157*0.81) -> 26.73 | P157: 1
B158: 350 | C158: 160 | D158: 990 | E158: 810 | F158: 0 | J158: 28 | K158: 58.5 | L158: =IF(Sheet1!$P158=2, Sheet1!$K158,Sheet1!$K158*0.81) -> 47.385 | P158: 1
B159: 340 | C159: 160 | D159: 990 | E159: 810 | F159: 0 | H159: 50 | J159: 28 | K159: 56.5 | L159: =IF(Sheet1!$P159=2, Sheet1!$K159,Sheet1!$K159*0.81) -> 45.765 | P159: 1
B160: 360 | C160: 140 | D160: 1017.5 | E160: 832.5 | F160: 0 | H160: 60 | J160: 28 | K160: 67 | L160: =IF(Sheet1!$P160=2, Sheet1!$K160,Sheet1!$K160*0.81) -> 54.27 | P160: 1
B161: 350 | C161: 140 | D161: 1017.5 | E161: 832.5 | F161: 0 | H161: 40 | J161: 28 | K161: 64 | L161: =IF(Sheet1!$P161=2, Sheet1!$K161,Sheet1!$K161*0.81) -> 51.84 | P161: 1
B162: 340 | C162: 140 | D162: 1017.5 | E162: 832.5 | F162: 0 | H162: 50 | J162: 28 | K162: 64.6 | L162: =IF(Sheet1!$P162=2, Sheet1!$K162,Sheet1!$K162*0.81) -> 52.326 | P162: 1
B163: 464 | C163: 201 | D163: 668 | E163: 1014 | F163: 0 | H163: 60 | J163: 28 | K163: 68 | L163: =IF(Sheet1!$P163=2, Sheet1!$K163,Sheet1!$K163*0.81) -> 55.08 | P163: 1
B164: 464 | C164: 201 | D164: 668 | E164: 1014 | F164: 0 | H164: 41 | J164: 28 | K164: 72 | L164: =IF(Sheet1!$P164=2, Sheet1!$K164,Sheet1!$K164*0.81) -> 58.32 | P164: 1
B165: 310 | C165: 201 | D165: 815 | E165: 1014 | F165: 0 | H165: 41 | J165: 28 | K165: 45 | L165: =IF(Sheet1!$P165=2, Sheet1!$K165,Sheet1!$K165*0.81) -> 36.45 | P165: 1
B166: 310 | C166: 201 | D166: 815 | E166: 1014 | F166: 0 | H166: 26 | J166: 28 | K166: 40 | L166: =IF(Sheet1!$P166=2, Sheet1!$K166,Sheet1!$K166*0.81) -> 32.4 | P166: 1
A167: Justice | B167: 528 | C167: 176 | D167: 529 | E167: 909 | F167: 0 | H167: 35 | J167: 7 | K167: 50 | L167: =IF(Sheet1!$P167=2, Sheet1!$K167,Sheet1!$K167*0.81) -> 40.5 | P167: 1
B168: 332.2 | C168: 157.3 | D168: 809.2 | E168: 1198.9 | F168: 0 | H168: 17.5 | J168: 7 | K168: 53.8 | L168: =IF(Sheet1!$P168=2, Sheet1!$K168,Sheet1!$K168*0.81) -> 43.578 | P168: 1
B169: 314.2 | C169: 157.1 | D169: 808 | E169: 1197 | F169: 0 | H169: 34.9 | J169: 7 | K169: 62.3 | L169: =IF(Sheet1!$P169=2, Sheet1!$K169,Sheet1!$K169*0.81) -> 50.463 | P169: 1
B170: 528 | C170: 176 | D170: 529 | E170: 909 | F170: 0 | H170: 35 | J170: 28 | K170: 66 | L170: =IF(Sheet1!$P170=2, Sheet1!$K170,Sheet1!$K170*0.81) -> 53.46 | P170: 1
B171: 332.2 | C171: 157.3 | D171: 809.2 | E171: 1198.9 | F171: 0 | H171: 17.5 | J171: 28 | K171: 58.97 | L171: =IF(Sheet1!$P171=2, Sheet1!$K171,Sheet1!$K171*0.81) -> 47.7657 | P171: 1
B172: 314.2 | C172: 157.1 | D172: 808 | E172: 1197 | F172: 0 | H172: 34.9 | J172: 28 | K172: 69.23 | L172: =IF(Sheet1!$P172=2, Sheet1!$K172,Sheet1!$K172*0.81) -> 56.0763 | P172: 1
A173: Wild | B173: 260.7 | C173: 156.4 | D173: 804.5 | E173: 1191.8 | F173: 0 | H173: 86.9 | J173: 7 | K173: 62.5 | L173: =IF(Sheet1!$P173=2, Sheet1!$K173,Sheet1!$K173*0.81) -> 50.625 | P173: 1
B174: 243 | C174: 156.2 | D174: 803.3 | E174: 1190 | F174: 0 | H174: 104.1 | J174: 7 | K174: 60.53 | L174: =IF(Sheet1!$P174=2, Sheet1!$K174,Sheet1!$K174*0.81) -> 49.0293 | P174: 1
B175: 260.7 | C175: 156.4 | D175: 804.5 | E175: 1191.8 | F175: 0 | H175: 86.9 | J175: 28 | K175: 69.77 | L175: =IF(Sheet1!$P175=2, Sheet1!$K175,Sheet1!$K175*0.81) -> 56.5137 | P175: 1
B176: 243 | C176: 156.2 | D176: 803.3 | E176: 1190 | F176: 0 | H176: 104.1 | J176: 28 | K176: 72.33 | L176: =IF(Sheet1!$P176=2, Sheet1!$K176,Sheet1!$K176*0.81) -> 58.5873 | P176: 1
A177: Khatib | B177: 474 | C177: 150 | D177: 629 | E177: 1298 | F177: 0 | H177: 24 | J177: 7 | K177: 59.2 | L177: =IF(Sheet1!$P177=2, Sheet1!$K177,Sheet1!$K177*0.81) -> 47.952 | P177: 1
B178: 470 | C178: 153 | D178: 641 | E178: 1322 | F178: 0 | H178: 36 | J178: 7 | K178: 62.2 | L178: =IF(Sheet1!$P178=2, Sheet1!$K178,Sheet1!$K178*0.81) -> 50.382 | P178: 1
B179: 474 | C179: 150 | D179: 629 | E179: 1298 | F179: 0 | H179: 24 | J179: 28 | K179: 72.5 | L179: =IF(Sheet1!$P179=2, Sheet1!$K179,Sheet1!$K179*0.81) -> 58.725 | P179: 1
B180: 470 | C180: 153 | D180: 641 | E180: 1322 | F180: 0 | H180: 36 | J180: 28 | K180: 81.4 | L180: =IF(Sheet1!$P180=2, Sheet1!$K180,Sheet1!$K180*0.81) -> 65.934 | P180: 1
A181: Khatib | B181: 462 | C181: 158 | D181: 665 | E181: 1372 | F181: 0 | H181: 60 | J181: 7 | K181: 68.6 | L181: =IF(Sheet1!$P181=2, Sheet1!$K181,Sheet1!$K181*0.81) -> 55.566 | P181: 1
B182: 457 | C182: 161 | D182: 678 | E182: 1398 | F182: 0 | H182: 72 | J182: 7 | K182: 70.2 | L182: =IF(Sheet1!$P182=2, Sheet1!$K182,Sheet1!$K182*0.81) -> 56.862 | P182: 1
B183: 447 | C183: 168 | D183: 705 | E183: 1454 | F183: 0 | H183: 96 | J183: 7 | K183: 62.8 | L183: =IF(Sheet1!$P183=2, Sheet1!$K183,Sheet1!$K183*0.81) -> 50.868 | P183: 1
B184: 475 | C184: 150 | D184: 721 | E184: 1087 | F184: 0 | H184: 25 | J184: 7 | K184: 88.2 | L184: =IF(Sheet1!$P184=2, Sheet1!$K184,Sheet1!$K184*0.81) -> 71.442 | P184: 1
B185: 450 | C185: 150 | D185: 717 | E185: 1087 | F185: 0 | H185: 50 | J185: 7 | K185: 99.8 | L185: =IF(Sheet1!$P185=2, Sheet1!$K185,Sheet1!$K185*0.81) -> 80.838 | P185: 1
B186: 462 | C186: 158 | D186: 665 | E186: 1372 | F186: 0 | H186: 60 | J186: 28 | K186: 85.3 | L186: =IF(Sheet1!$P186=2, Sheet1!$K186,Sheet1!$K186*0.81) -> 69.093 | P186: 1
B187: 457 | C187: 161 | D187: 678 | E187: 1398 | F187: 0 | H187: 72 | J187: 28 | K187: 89.7 | L187: =IF(Sheet1!$P187=2, Sheet1!$K187,Sheet1!$K187*0.81) -> 72.657 | P187: 1
B188: 447 | C188: 168 | D188: 705 | E188: 1454 | F188: 0 | H188: 96 | J188: 28 | K188: 83.2 | L188: =IF(Sheet1!$P188=2, Sheet1!$K188,Sheet1!$K188*0.81) -> 67.392 | P188: 1
B189: 475 | C189: 150 | D189: 721 | E189: 1087 | F189: 0 | H189: 25 | J189: 28 | K189: 103.6 | L189: =IF(Sheet1!$P189=2, Sheet1!$K189,Sheet1!$K189*0.81) -> 83.916 | P189: 1
B190: 450 | C190: 150 | D190: 717 | E190: 1087 | F190: 0 | H190: 50 | J190: 28 | K190: 116.8 | L190: =IF(Sheet1!$P190=2, Sheet1!$K190,Sheet1!$K190*0.81) -> 94.608 | P190: 1
A191: Poon | B191: 369 | C191: 205 | D191: 656 | E191: 1081 | F191: 0 | H191: 41 | J191: 7 | K191: 55.2 | L191: =IF(Sheet1!$P191=2, Sheet1!$K191,Sheet1!$K191*0.81) -> 44.712 | P191: 1
B192: 328 | C192: 205 | D192: 653 | E192: 1081 | F192: 0 | H192: 82 | J192: 7 | K192: 43.2 | L192: =IF(Sheet1!$P192=2, Sheet1!$K192,Sheet1!$K192*0.81) -> 34.992 | P192: 1
B193: 475 | C193: 135 | D193: 720 | E193: 1050 | F193: 0 | H193: 25 | J193: 7 | K193: 76.5 | L193: =IF(Sheet1!$P193=2, Sheet1!$K193,Sheet1!$K193*0.81) -> 61.965 | P193: 1
B194: 450 | C194: 135 | D194: 715 | E194: 1050 | F194: 0 | H194: 50 | J194: 7 | K194: 80 | L194: =IF(Sheet1!$P194=2, Sheet1!$K194,Sheet1!$K194*0.81) -> 64.8 | P194: 1
B195: 425 | C195: 135 | D195: 710 | E195: 1050 | F195: 0 | H195: 75 | J195: 7 | K195: 79.5 | L195: =IF(Sheet1!$P195=2, Sheet1!$K195,Sheet1!$K195*0.81) -> 64.395 | P195: 1
B196: 475 | C196: 150 | D196: 690 | E196: 1050 | F196: 0 | H196: 25 | J196: 7 | K196: 76.5 | L196: =IF(Sheet1!$P196=2, Sheet1!$K196,Sheet1!$K196*0.81) -> 61.965 | P196: 1
B197: 369 | C197: 205 | D197: 656 | E197: 1081 | F197: 0 | H197: 41 | J197: 28 | K197: 66.2 | L197: =IF(Sheet1!$P197=2, Sheet1!$K197,Sheet1!$K197*0.81) -> 53.622 | P197: 1
B198: 328 | C198: 205 | D198: 653 | E198: 1081 | F198: 0 | H198: 82 | J198: 28 | K198: 58.4 | L198: =IF(Sheet1!$P198=2, Sheet1!$K198,Sheet1!$K198*0.81) -> 47.304 | P198: 1
B199: 475 | C199: 135 | D199: 720 | E199: 1050 | F199: 0 | H199: 25 | J199: 28 | K199: 89 | L199: =IF(Sheet1!$P199=2, Sheet1!$K199,Sheet1!$K199*0.81) -> 72.09 | P199: 1
B200: 450 | C200: 135 | D200: 715 | E200: 1050 | F200: 0 | H200: 50 | J200: 28 | K200: 94 | L200: =IF(Sheet1!$P200=2, Sheet1!$K200,Sheet1!$K200*0.81) -> 76.14 | P200: 1
B201: 425 | C201: 135 | D201: 710 | E201: 1050 | F201: 0 | H201: 75 | J201: 28 | K201: 94.5 | L201: =IF(Sheet1!$P201=2, Sheet1!$K201,Sheet1!$K201*0.81) -> 76.545 | P201: 1
B202: 475 | C202: 150 | D202: 690 | E202: 1050 | F202: 0 | H202: 25 | J202: 28 | K202: 88.5 | L202: =IF(Sheet1!$P202=2, Sheet1!$K202,Sheet1!$K202*0.81) -> 71.685 | P202: 1
A203: Wonk and Razak | B203: 450 | C203: 150 | D203: 685 | E203: 1050 | F203: 0 | H203: 50 | J203: 7 | K203: 81 | L203: =IF(Sheet1!$P203=2, Sheet1!$K203,Sheet1!$K203*0.81) -> 65.61 | P203: 1
B204: 425 | C204: 150 | D204: 680 | E204: 1050 | F204: 0 | H204: 75 | J204: 7 | K204: 80 | L204: =IF(Sheet1!$P204=2, Sheet1!$K204,Sheet1!$K204*0.81) -> 64.8 | P204: 1
B205: 475 | C205: 165 | D205: 695 | E205: 1050 | F205: 0 | H205: 25 | J205: 7 | K205: 70 | L205: =IF(Sheet1!$P205=2, Sheet1!$K205,Sheet1!$K205*0.81) -> 56.7 | P205: 1
B206: 450 | C206: 165 | D206: 690 | E206: 1050 | F206: 0 | H206: 50 | J206: 7 | K206: 74 | L206: =IF(Sheet1!$P206=2, Sheet1!$K206,Sheet1!$K206*0.81) -> 59.94 | P206: 1
B207: 425 | C207: 165 | D207: 685 | E207: 1050 | F207: 0 | H207: 75 | J207: 7 | K207: 70 | L207: =IF(Sheet1!$P207=2, Sheet1!$K207,Sheet1!$K207*0.81) -> 56.7 | P207: 1
B208: 450 | C208: 150 | D208: 685 | E208: 1050 | F208: 0 | H208: 50 | J208: 28 | K208: 93.5 | L208: =IF(Sheet1!$P208=2, Sheet1!$K208,Sheet1!$K208*0.81) -> 75.735 | P208: 1
B209: 425 | C209: 150 | D209: 680 | E209: 1050 | F209: 0 | H209: 75 | J209: 28 | K209: 94.5 | L209: =IF(Sheet1!$P209=2, Sheet1!$K209,Sheet1!$K209*0.81) -> 76.545 | P209: 1
B210: 475 | C210: 165 | D210: 695 | E210: 1050 | F210: 0 | H210: 25 | J210: 28 | K210: 78.5 | L210: =IF(Sheet1!$P210=2, Sheet1!$K210,Sheet1!$K210*0.81) -> 63.585 | P210: 1
B211: 450 | C211: 165 | D211: 690 | E211: 1050 | F211: 0 | H211: 50 | J211: 28 | K211: 84.5 | L211: =IF(Sheet1!$P211=2, Sheet1!$K211,Sheet1!$K211*0.81) -> 68.445 | P211: 1
B212: 425 | C212: 165 | D212: 685 | E212: 1050 | F212: 0 | H212: 75 | J212: 28 | K212: 82 | L212: =IF(Sheet1!$P212=2, Sheet1!$K212,Sheet1!$K212*0.81) -> 66.42 | P212: 1
B213: 380 | C213: 160 | D213: 834 | E213: 1000 | F213: 0 | H213: 20 | J213: 7 | K213: 36.2 | L213: =IF(Sheet1!$P213=2, Sheet1!$K213,Sheet1!$K213*0.81) -> 29.322 | P213: 1
B214: 360 | C214: 160 | D214: 832 | E214: 998 | F214: 0 | H214: 40 | J214: 7 | K214: 37.9 | L214: =IF(Sheet1!$P214=2, Sheet1!$K214,Sheet1!$K214*0.81) -> 30.699 | P214: 1
A215: Lotfy | B215: 340 | C215: 160 | D215: 830 | E215: 995 | F215: 0 | H215: 60 | J215: 7 | K215: 37.9 | L215: =IF(Sheet1!$P215=2, Sheet1!$K215,Sheet1!$K215*0.81) -> 30.699 | P215: 1
...
